Workbook

Sheet Inputs
A1: Inputs and Shared Totals
A3: Purchases
A4: LotID | B4: Date | C4: SKU | D4: Qty | E4: UnitCost | F4: LotTotal
A5: L1 | B5: 2026-03-01 | C5: LK-001 | D5: 10 | E5: 18 | F5: =D5*E5
A6: L2 | B6: 2026-03-08 | C6: LK-001 | D6: 20 | E6: 20 | F6: =D6*E6
A7: L3 | B7: 2026-03-15 | C7: LK-001 | D7: 10 | E7: 22 | F7: =D7*E7
A10: Sales
A11: Date | B11: SKU | C11: Qty | D11: LotID
A12: 2026-03-20 | B12: LK-001 | C12: 5 | D12: L1
A13: 2026-03-22 | B13: LK-001 | C13: 10 | D13: L3
A15: UnitsSold | B15: =SUM(C12:C13)
A16: TotalUnits | B16: =SUM(D5:D7)
A17: GAFS | B17: =SUM(F5:F7)
A18: SelectedMethod | B18: FIFO

Sheet FIFO
A1: LotID | B1: Qty | C1: UnitCost | D1: FIFO CumQty | E1: FIFO Used | F1: FIFO Cost
A2: L1 | B2: 10 | C2: 18 | D2: =SUM($B$2:B2) | E2: =MAX(0,MIN(B2,Inputs!$B$15-(D2-B2))) | F2: =E2*C2
A3: L2 | B3: 20 | C3: 20 | D3: =SUM($B$2:B3) | E3: =MAX(0,MIN(B3,Inputs!$B$15-(D3-B3))) | F3: =E3*C3
A4: L3 | B4: 10 | C4: 22 | D4: =SUM($B$2:B4) | E4: =MAX(0,MIN(B4,Inputs!$B$15-(D4-B4))) | F4: =E4*C4
A6: FIFO COGS | B6: =SUM(F2:F4) | D6: FIFO EI | E6: =Inputs!$B$17-B6

Sheet LIFO
A1: LotID (Newest→Oldest) | B1: Qty | C1: UnitCost | D1: LIFO CumQty | E1: LIFO Used | F1: LIFO Cost
A2: L3 | B2: 10 | C2: 22 | D2: =SUM($B$2:B2) | E2: =MAX(0,MIN(B2,Inputs!$B$15-(D2-B2))) | F2: =E2*C2
A3: L2 | B3: 20 | C3: 20 | D3: =SUM($B$2:B3) | E3: =MAX(0,MIN(B3,Inputs!$B$15-(D3-B3))) | F3: =E3*C3
A4: L1 | B4: 10 | C4: 18 | D4: =SUM($B$2:B4) | E4: =MAX(0,MIN(B4,Inputs!$B$15-(D4-B4))) | F4: =E4*C4
A6: LIFO COGS | B6: =SUM(F2:F4) | D6: LIFO EI | E6: =Inputs!$B$17-B6

Sheet SpecificID
A1: SaleDate | B1: LotID | C1: Qty | D1: Lookup UnitCost | E1: Line Cost
A2: 2026-03-20 | B2: L1 | C2: 5 | D2: =XLOOKUP(B2,Inputs!$A$5:$A$7,Inputs!$E$5:$E$7) | E2: =C2*D2
A3: 2026-03-22 | B3: L3 | C3: 10 | D3: =XLOOKUP(B3,Inputs!$A$5:$A$7,Inputs!$E$5:$E$7) | E3: =C3*D3
A5: Specific ID COGS | B5: =SUM(E2:E3) | C5: Specific ID EI | D5: =Inputs!$B$17-B5

Sheet WeightedAverage
A1: Metric | B1: Value | C1: Formula Pattern
A2: WA Rate | B2: =Inputs!$B$17/Inputs!$B$16 | C2: GAFS/TotalUnits
A3: WA COGS | B3: =Inputs!$B$15*B2 | C3: UnitsSold*WA Rate
A4: WA EI | B4: =(Inputs!$B$16-Inputs!$B$15)*B2 | C4: (TotalUnits-UnitsSold)*WA Rate

Sheet Outputs
A1: Method | B1: COGS | C1: Ending Inventory | D1: Balance Check
A2: FIFO | B2: =FIFO!B6 | C2: =FIFO!E6 | D2: =B2+C2
A3: LIFO | B3: =LIFO!B6 | C3: =LIFO!E6 | D3: =B3+C3
A4: Specific ID | B4: =SpecificID!B5 | C4: =SpecificID!D5 | D4: =B4+C4
A5: Weighted Average | B5: =WeightedAverage!B3 | C5: =WeightedAverage!B4 | D5: =B5+C5
A7: Display COGS | B7: =XLOOKUP(Inputs!$B$18,A2:A5,B2:B5)
A8: Display EI | B8: =XLOOKUP(Inputs!$B$18,A2:A5,C2:C5)
