Workbook

Sheet Inputs
A1: Scenario Switch Controls
A3: Control | B3: Value | C3: Notes
A4: SelectedScenario | B4: Base | C4: Base, Stretch, Downside
A5: SelectedMethod | B5: FIFO | C5: FIFO, LIFO, Weighted Average
A6: SelectedKey | B6: =B4&"|"&B5
A8: UnitSellingPrice | B8: 40
A9: BeginningInventory | B9: 180
A10: GAFS | B10: 1150

Sheet Drivers
A1: Scenario | B1: UnitsSold | C1: DefaultMethod | D1: AsOfDate
A2: Base | B2: 35 | C2: FIFO | D2: 2026-03-31
A3: Stretch | B3: 39 | C3: LIFO | D3: 2026-03-31
A4: Downside | B4: 32 | C4: Weighted Average | D4: 2026-03-31

Sheet MethodSummary
A1: Key | B1: Scenario | C1: Method | D1: COGS | E1: EndingInventory | F1: BalanceCheck
A2: Base|FIFO | B2: Base | C2: FIFO | D2: 690 | E2: 460 | F2: =D2+E2
A3: Base|LIFO | B3: Base | C3: LIFO | D3: 770 | E3: 380 | F3: =D3+E3
A4: Base|Weighted Average | B4: Base | C4: Weighted Average | D4: 731.82 | E4: 418.18 | F4: =D4+E4
A5: Stretch|FIFO | B5: Stretch | C5: FIFO | D5: 778 | E5: 372 | F5: =D5+E5
A6: Stretch|LIFO | B6: Stretch | C6: LIFO | D6: 850 | E6: 300 | F6: =D6+E6
A7: Stretch|Weighted Average | B7: Stretch | C7: Weighted Average | D7: 815.45 | E7: 334.55 | F7: =D7+E7
A8: Downside|FIFO | B8: Downside | C8: FIFO | D8: 624 | E8: 526 | F8: =D8+E8
A9: Downside|LIFO | B9: Downside | C9: LIFO | D9: 710 | E9: 440 | F9: =D9+E9
A10: Downside|Weighted Average | B10: Downside | C10: Weighted Average | D10: 669.09 | E10: 480.91 | F10: =D10+E10

Sheet Outputs
A1: Output | B1: Value | C1: Formula Pattern
A2: SelectedUnitsSold | B2: =XLOOKUP(Inputs!$B$4,Drivers!$A$2:$A$4,Drivers!$B$2:$B$4) | C2: XLOOKUP(SelectedScenario, Drivers[Scenario], Drivers[UnitsSold])
A3: SelectedCOGS | B3: =XLOOKUP(Inputs!$B$6,MethodSummary!$A$2:$A$10,MethodSummary!$D$2:$D$10) | C3: XLOOKUP(SelectedKey, MethodSummary[Key], MethodSummary[COGS])
A4: SelectedEndingInventory | B4: =XLOOKUP(Inputs!$B$6,MethodSummary!$A$2:$A$10,MethodSummary!$E$2:$E$10) | C4: XLOOKUP(SelectedKey, MethodSummary[Key], MethodSummary[EndingInventory])
A5: GAFS | B5: =Inputs!$B$10 | C5: Input from Inputs

Sheet KPI
A1: KPI | B1: Value | C1: Formula Pattern
A2: Revenue | B2: =Outputs!$B$2*Inputs!$B$8 | C2: SelectedUnitsSold * UnitSellingPrice
A3: GrossMarginPct | B3: =(B2-Outputs!$B$3)/B2 | C3: (Revenue - SelectedCOGS) / Revenue
A4: AverageInventory | B4: =(Inputs!$B$9+Outputs!$B$4)/2 | C4: (BeginningInventory + SelectedEndingInventory) / 2
A5: InventoryTurnover | B5: =Outputs!$B$3/B4 | C5: SelectedCOGS / AverageInventory
A6: DaysOnHand | B6: =365/B5 | C6: 365 / InventoryTurnover

Sheet Checks
A1: Check | B1: Status | C1: Formula Pattern
A2: GAFS Balance | B2: =IF(ABS((Outputs!$B$3+Outputs!$B$4)-Outputs!$B$5)<0.01,"Balanced","Check") | C2: IF(ABS((SelectedCOGS+SelectedEI)-GAFS)<0.01,"Balanced","Check")
A3: SelectedKey Found | B3: =IFNA(XLOOKUP(Inputs!$B$6,MethodSummary!$A$2:$A$10,MethodSummary!$D$2:$D$10),"Missing Key") | C3: IFNA(XLOOKUP(SelectedKey, MethodSummary[Key], MethodSummary[COGS]),"Missing Key")
A4: Units Sold Valid | B4: =IF(Outputs!$B$2>0,"OK","Check Drivers") | C4: IF(SelectedUnitsSold>0,"OK","Check Drivers")

Sheet Dashboard
A1: Tile | B1: Displayed Value | C1: Source
A2: Scenario | B2: =Inputs!$B$4 | C2: Inputs!B4
A3: Method | B3: =Inputs!$B$5 | C3: Inputs!B5
A4: COGS | B4: =Outputs!$B$3 | C4: Outputs!B3
A5: Ending Inventory | B5: =Outputs!$B$4 | C5: Outputs!B4
A6: Turnover | B6: =KPI!$B$5 | C6: KPI!B5
A7: Days on Hand | B7: =KPI!$B$6 | C7: KPI!B6
A8: Gross Margin % | B8: =KPI!$B$3 | C8: KPI!B3
A9: Check Status | B9: =Checks!$B$2 | C9: Checks!B2
